x,y,z
2500,2500,0
2500,2500,1
2500,2499.99,2
2500,2499.98,3
2500,2499.97,4
2500,2499.96,5
2500,2499.95,6
2500,2499.94,7
2500,2499.92,8
2500,2499.9,9
2500,2499.89,10
2500,2499.87,11
2500,2499.85,12
2500,2499.83,13
2500,2499.8,14
2500,2499.78,15
2500,2499.76,16
2500,2499.73,17
2499.99,2499.71,18
2499.99,2499.68,19
2499.99,2499.65,20
2499.99,2499.62,21
2499.99,2499.59,22
2499.99,2499.56,23
2499.99,2499.53,24
2499.99,2499.5,25
2499.99,2499.46,26
2499.98,2499.43,27
2499.98,2499.39,28
2499.98,2499.36,29
2499.98,2499.32,30
2499.98,2499.28,31
2499.98,2499.24,32
2499.97,2499.2,33
2499.97,2499.16,34
2499.97,2499.12,35
2499.97,2499.08,36
2499.96,2499.04,37
2499.96,2498.99,38
2499.96,2498.95,39
2499.96,2498.9,40
2499.95,2498.86,41
2499.95,2498.81,42
2499.95,2498.76,43
2499.94,2498.71,44
2499.94,2498.67,45
2499.94,2498.62,46
2499.93,2498.57,47
2499.93,2498.51,48
2499.92,2498.46,49
2499.92,2498.41,50
2499.92,2498.36,51
2499.91,2498.3,52
2499.91,2498.25,53
2499.9,2498.19,54
2499.9,2498.13,55
2499.89,2498.08,56
2499.89,2498.02,57
2499.88,2497.96,58
2499.88,2497.9,59
2499.87,2497.84,60
2499.87,2497.78,61
2499.86,2497.72,62
2499.85,2497.66,63
2499.85,2497.59,64
2499.84,2497.53,65
2499.83,2497.47,66
2499.83,2497.4,67
2499.82,2497.33,68
2499.81,2497.27,69
2499.8,2497.2,70
2499.8,2497.13,71
2499.79,2497.07,72
2499.78,2497,73
2499.77,2496.93,74
2499.77,2496.86,75
2499.76,2496.79,76
2499.75,2496.71,77
2499.74,2496.64,78
2499.73,2496.57,79
2499.72,2496.49,80
2499.71,2496.42,81
2499.7,2496.35,82
2499.69,2496.27,83
2499.68,2496.19,84
2499.67,2496.12,85
2499.66,2496.04,86
2499.65,2495.96,87
2499.64,2495.88,88
2499.63,2495.8,89
2499.62,2495.72,90
2499.6,2495.64,91
2499.59,2495.56,92
2499.58,2495.48,93
2499.57,2495.4,94
2499.56,2495.31,95
2499.54,2495.23,96
2499.53,2495.14,97
2499.52,2495.06,98
2499.5,2494.97,99
2499.49,2494.89,100
2499.48,2494.8,101
2499.46,2494.71,102
2499.45,2494.62,103
2499.43,2494.53,104
2499.42,2494.44,105
2499.4,2494.35,106
2499.39,2494.26,107
2499.37,2494.17,108
2499.36,2494.08,109
2499.34,2493.99,110
2499.32,2493.89,111
2499.31,2493.8,112
2499.29,2493.71,113
2499.27,2493.61,114
2499.25,2493.52,115
2499.24,2493.42,116
2499.22,2493.32,117
2499.2,2493.22,118
2499.18,2493.13,119
2499.16,2493.03,120
2499.14,2492.93,121
2499.12,2492.83,122
2499.11,2492.73,123
2499.09,2492.63,124
2499.06,2492.53,125
2499.04,2492.42,126
2499.02,2492.32,127
2499,2492.22,128
2498.98,2492.11,129
2498.96,2492.01,130
2498.94,2491.9,131
2498.92,2491.8,132
2498.89,2491.69,133
2498.87,2491.58,134
2498.85,2491.48,135
2498.82,2491.37,136
2498.8,2491.26,137
2498.78,2491.15,138
2498.75,2491.04,139
2498.73,2490.93,140
2498.7,2490.82,141
2498.68,2490.71,142
2498.65,2490.6,143
2498.62,2490.48,144
2498.6,2490.37,145
2498.57,2490.26,146
2498.54,2490.14,147
2498.52,2490.03,148
2498.49,2489.91,149
2498.46,2489.79,150
2498.43,2489.68,151
2498.41,2489.56,152
2498.38,2489.44,153
2498.35,2489.32,154
2498.32,2489.21,155
2498.29,2489.09,156
2498.26,2488.97,157
2498.23,2488.85,158
2498.2,2488.72,159
2498.16,2488.6,160
2498.13,2488.48,161
2498.1,2488.36,162
2498.07,2488.23,163
2498.04,2488.11,164
2498,2487.98,165
2497.97,2487.86,166
2497.94,2487.73,167
2497.9,2487.61,168
2497.87,2487.48,169
2497.83,2487.35,170
2497.8,2487.23,171
2497.76,2487.1,172
2497.73,2486.97,173
2497.69,2486.84,174
2497.65,2486.71,175
2497.62,2486.58,176
2497.58,2486.45,177
2497.54,2486.32,178
2497.5,2486.18,179
2497.46,2486.05,180
2497.42,2485.92,181
2497.39,2485.78,182
2497.35,2485.65,183
2497.31,2485.51,184
2497.27,2485.38,185
2497.22,2485.24,186
2497.18,2485.11,187
2497.14,2484.97,188
2497.1,2484.83,189
2497.06,2484.69,190
2497.01,2484.55,191
2496.97,2484.41,192
2496.93,2484.28,193
2496.88,2484.13,194
2496.84,2483.99,195
2496.79,2483.85,196
2496.75,2483.71,197
2496.7,2483.57,198
2496.66,2483.43,199
2496.61,2483.28,200
2496.56,2483.14,201
2496.51,2482.99,202
2496.47,2482.85,203
2496.42,2482.7,204
2496.37,2482.56,205
2496.32,2482.41,206
2496.27,2482.26,207
2496.22,2482.12,208
2496.17,2481.97,209
2496.12,2481.82,210
2496.07,2481.67,211
2496.02,2481.52,212
2495.96,2481.37,213
2495.91,2481.22,214
2495.86,2481.07,215
2495.8,2480.92,216
2495.75,2480.76,217
2495.7,2480.61,218
2495.64,2480.46,219
2495.59,2480.3,220
2495.53,2480.15,221
2495.47,2479.99,222
2495.42,2479.84,223
2495.36,2479.68,224
2495.3,2479.53,225
2495.24,2479.37,226
2495.19,2479.21,227
2495.13,2479.05,228
2495.07,2478.9,229
2495.01,2478.74,230
2494.95,2478.58,231
2494.89,2478.42,232
2494.82,2478.26,233
2494.76,2478.1,234
2494.7,2477.93,235
2494.64,2477.77,236
2494.57,2477.61,237
2494.51,2477.45,238
2494.44,2477.28,239
2494.38,2477.12,240
2494.31,2476.96,241
2494.25,2476.79,242
2494.18,2476.63,243
2494.12,2476.46,244
2494.05,2476.29,245
2493.98,2476.13,246
2493.91,2475.96,247
2493.84,2475.79,248
2493.77,2475.62,249
2493.7,2475.45,250
2493.63,2475.28,251
2493.56,2475.12,252
2493.49,2474.94,253
2493.42,2474.77,254
2493.35,2474.6,255
2493.27,2474.43,256
2493.2,2474.26,257
2493.13,2474.09,258
2493.05,2473.91,259
2492.98,2473.74,260
2492.9,2473.57,261
2492.82,2473.39,262
2492.75,2473.22,263
2492.67,2473.04,264
2492.59,2472.86,265
2492.51,2472.69,266
2492.43,2472.51,267
2492.36,2472.33,268
2492.28,2472.16,269
2492.19,2471.98,270
2492.11,2471.8,271
2492.03,2471.62,272
2491.95,2471.44,273
2491.87,2471.26,274
2491.78,2471.08,275
2491.7,2470.9,276
2491.62,2470.72,277
2491.53,2470.53,278
2491.44,2470.35,279
2491.36,2470.17,280
2491.27,2469.98,281
2491.18,2469.8,282
2491.1,2469.62,283
2491.01,2469.43,284
2490.92,2469.25,285
2490.83,2469.06,286
2490.74,2468.87,287
2490.65,2468.69,288
2490.56,2468.5,289
2490.47,2468.31,290
2490.37,2468.12,291
2490.28,2467.94,292
2490.19,2467.75,293
2490.09,2467.56,294
2490,2467.37,295
2489.9,2467.18,296
2489.81,2466.99,297
2489.71,2466.79,298
2489.61,2466.6,299
2489.51,2466.41,300
2489.42,2466.22,301
2489.32,2466.03,302
2489.22,2465.83,303
2489.12,2465.64,304
2489.02,2465.44,305
2488.91,2465.25,306
2488.81,2465.05,307
2488.71,2464.86,308
2488.61,2464.66,309
2488.5,2464.47,310
2488.4,2464.27,311
2488.29,2464.07,312
2488.19,2463.87,313
2488.08,2463.67,314
2487.97,2463.48,315
2487.86,2463.28,316
2487.76,2463.08,317
2487.65,2462.88,318
2487.54,2462.68,319
2487.43,2462.48,320
2487.31,2462.28,321
2487.2,2462.07,322
2487.09,2461.87,323
2486.98,2461.67,324
2486.86,2461.47,325
2486.75,2461.26,326
2486.63,2461.06,327
2486.52,2460.85,328
2486.4,2460.65,329
2486.29,2460.44,330
2486.17,2460.24,331
2486.05,2460.03,332
2485.93,2459.83,333
2485.81,2459.62,334
2485.69,2459.41,335
2485.57,2459.21,336
2485.45,2459,337
2485.33,2458.79,338
2485.2,2458.58,339
2485.08,2458.37,340
2484.95,2458.16,341
2484.83,2457.95,342
2484.7,2457.74,343
2484.58,2457.53,344
2484.45,2457.32,345
2484.32,2457.11,346
2484.19,2456.9,347
2484.06,2456.68,348
2483.93,2456.47,349
2483.8,2456.26,350
2483.67,2456.04,351
2483.54,2455.83,352
2483.41,2455.62,353
2483.27,2455.4,354
2483.14,2455.19,355
2483.01,2454.97,356
2482.87,2454.75,357
2482.73,2454.54,358
2482.6,2454.32,359
2482.46,2454.1,360
2482.32,2453.89,361
2482.18,2453.67,362
2482.04,2453.45,363
2481.9,2453.23,364
2481.76,2453.01,365
2481.62,2452.79,366
2481.47,2452.57,367
2481.33,2452.35,368
2481.19,2452.13,369
2481.04,2451.91,370
2480.89,2451.69,371
2480.75,2451.47,372
2480.6,2451.25,373
2480.45,2451.02,374
2480.3,2450.8,375
2480.15,2450.58,376
2480,2450.36,377
2479.85,2450.13,378
2479.7,2449.91,379
2479.55,2449.68,380
2479.4,2449.46,381
2479.24,2449.23,382
2479.09,2449.01,383
2478.93,2448.78,384
2478.77,2448.55,385
2478.62,2448.33,386
2478.46,2448.1,387
2478.3,2447.87,388
2478.14,2447.64,389
2477.98,2447.42,390
2477.82,2447.19,391
2477.66,2446.96,392
2477.49,2446.73,393
2477.33,2446.5,394
2477.17,2446.27,395
2477,2446.04,396
2476.83,2445.81,397
2476.67,2445.58,398
2476.5,2445.35,399
2476.33,2445.12,400
2476.16,2444.88,401
2475.99,2444.65,402
2475.82,2444.42,403
2475.65,2444.19,404
2475.48,2443.95,405
2475.31,2443.72,406
2475.13,2443.48,407
2474.96,2443.25,408
2474.78,2443.02,409
2474.6,2442.78,410
2474.43,2442.54,411
2474.25,2442.31,412
2474.07,2442.07,413
2473.89,2441.84,414
2473.71,2441.6,415
2473.53,2441.36,416
2473.35,2441.13,417
2473.16,2440.89,418
2472.98,2440.65,419
2472.79,2440.41,420
2472.61,2440.17,421
2472.42,2439.93,422
2472.23,2439.7,423
2472.05,2439.46,424
2471.86,2439.22,425
2471.67,2438.98,426
2471.48,2438.74,427
2471.28,2438.49,428
2471.09,2438.25,429
2470.9,2438.01,430
2470.7,2437.77,431
2470.51,2437.53,432
2470.31,2437.29,433
2470.12,2437.04,434
2469.92,2436.8,435
2469.72,2436.56,436
2469.52,2436.31,437
2469.32,2436.07,438
2469.12,2435.83,439
2468.92,2435.58,440
2468.71,2435.34,441
2468.51,2435.09,442
2468.31,2434.85,443
2468.1,2434.6,444
2467.89,2434.36,445
2467.69,2434.11,446
2467.48,2433.86,447
2467.27,2433.62,448
2467.06,2433.37,449
2466.85,2433.12,450
2466.64,2432.88,451
2466.42,2432.63,452
2466.21,2432.38,453
2465.99,2432.13,454
2465.78,2431.88,455
2465.56,2431.63,456
2465.34,2431.39,457
2465.13,2431.14,458
2464.91,2430.89,459
2464.69,2430.64,460
2464.47,2430.39,461
2464.24,2430.14,462
2464.02,2429.89,463
2463.8,2429.64,464
2463.57,2429.38,465
2463.35,2429.13,466
2463.12,2428.88,467
2462.89,2428.63,468
2462.66,2428.38,469
2462.43,2428.12,470
2462.2,2427.87,471
2461.97,2427.62,472
2461.74,2427.37,473
2461.5,2427.11,474
2461.27,2426.86,475
2461.03,2426.61,476
2460.8,2426.35,477
2460.56,2426.1,478
2460.32,2425.84,479
2460.08,2425.59,480
2459.84,2425.33,481
2459.6,2425.08,482
2459.36,2424.82,483
2459.12,2424.57,484
2458.87,2424.31,485
2458.63,2424.05,486
2458.38,2423.8,487
2458.13,2423.54,488
2457.89,2423.28,489
2457.64,2423.03,490
2457.39,2422.77,491
2457.14,2422.51,492
2456.88,2422.26,493
2456.63,2422,494
2456.38,2421.74,495
2456.12,2421.48,496
2455.87,2421.22,497
2455.61,2420.96,498
2455.35,2420.71,499
2455.09,2420.45,500
2454.83,2420.19,501
2454.57,2419.93,502
2454.31,2419.67,503
2454.05,2419.41,504
2453.78,2419.15,505
2453.52,2418.89,506
2453.25,2418.63,507
2452.98,2418.37,508
2452.71,2418.11,509
2452.44,2417.84,510
2452.17,2417.58,511
2451.9,2417.32,512
2451.63,2417.06,513
2451.36,2416.8,514
2451.08,2416.54,515
2450.81,2416.28,516
2450.53,2416.01,517
2450.25,2415.75,518
2449.97,2415.49,519
2449.69,2415.23,520
2449.41,2414.96,521
2449.13,2414.7,522
2448.85,2414.44,523
2448.56,2414.17,524
2448.28,2413.91,525
2447.99,2413.65,526
2447.71,2413.38,527
2447.42,2413.12,528
2447.13,2412.85,529
2446.84,2412.59,530
2446.55,2412.32,531
2446.25,2412.06,532
2445.96,2411.8,533
2445.67,2411.53,534
2445.37,2411.27,535
2445.07,2411,536
2444.77,2410.74,537
2444.48,2410.47,538
2444.17,2410.2,539
2443.87,2409.94,540
2443.57,2409.67,541
2443.27,2409.41,542
2442.96,2409.14,543
2442.66,2408.87,544
2442.35,2408.61,545
2442.04,2408.34,546
2441.73,2408.08,547
2441.42,2407.81,548
2441.11,2407.54,549
2440.8,2407.27,550
2440.49,2407.01,551
2440.17,2406.74,552
2439.85,2406.47,553
2439.54,2406.21,554
2439.22,2405.94,555
2438.9,2405.67,556
2438.58,2405.4,557
2438.26,2405.14,558
2437.94,2404.87,559
2437.61,2404.6,560
2437.29,2404.33,561
2436.96,2404.06,562
2436.63,2403.8,563
2436.31,2403.53,564
2435.98,2403.26,565
2435.64,2402.99,566
2435.31,2402.72,567
2434.98,2402.45,568
2434.65,2402.19,569
2434.31,2401.92,570
2433.97,2401.65,571
2433.64,2401.38,572
2433.3,2401.11,573
2432.96,2400.84,574
2432.62,2400.57,575
2432.27,2400.3,576
2431.93,2400.03,577
2431.59,2399.77,578
2431.24,2399.5,579
2430.89,2399.23,580
2430.54,2398.96,581
2430.19,2398.69,582
2429.84,2398.42,583
2429.49,2398.15,584
2429.14,2397.88,585
2428.78,2397.61,586
2428.43,2397.34,587
2428.07,2397.07,588
2427.71,2396.8,589
2427.35,2396.53,590
2426.99,2396.26,591
2426.63,2395.99,592
2426.27,2395.72,593
2425.91,2395.45,594
2425.54,2395.18,595
2425.17,2394.91,596
2424.81,2394.64,597
2424.44,2394.37,598
2424.07,2394.1,599
2423.7,2393.83,600
2423.32,2393.56,601
2422.95,2393.29,602
2422.57,2393.02,603
2422.2,2392.75,604
2421.82,2392.48,605
2421.44,2392.21,606
2421.06,2391.94,607
2420.68,2391.67,608
2420.3,2391.4,609
2419.91,2391.13,610
2419.53,2390.86,611
2419.14,2390.6,612
2418.75,2390.33,613
2418.36,2390.06,614
2417.97,2389.79,615
2417.58,2389.52,616
2417.19,2389.25,617
2416.8,2388.98,618
2416.4,2388.71,619
2416,2388.44,620
2415.61,2388.17,621
2415.21,2387.9,622
2414.81,2387.63,623
2414.4,2387.36,624
2414,2387.09,625
2413.6,2386.82,626
2413.19,2386.55,627
2412.78,2386.28,628
2412.38,2386.01,629
2411.97,2385.74,630
2411.56,2385.48,631
2411.14,2385.21,632
2410.73,2384.94,633
2410.31,2384.67,634
2409.9,2384.4,635
2409.48,2384.13,636
2409.06,2383.86,637
2408.64,2383.6,638
2408.22,2383.33,639
2407.8,2383.06,640
2407.37,2382.79,641
2406.95,2382.52,642
2406.52,2382.25,643
2406.09,2381.99,644
2405.66,2381.72,645
2405.23,2381.45,646
2404.8,2381.18,647
2404.37,2380.92,648
2403.93,2380.65,649
2403.5,2380.38,650
2403.06,2380.11,651
2402.62,2379.85,652
2402.18,2379.58,653
2401.74,2379.31,654
2401.3,2379.05,655
2400.85,2378.78,656
2400.41,2378.51,657
2399.96,2378.25,658
2399.51,2377.98,659
2399.06,2377.72,660
2398.61,2377.45,661
2398.16,2377.18,662
2397.7,2376.92,663
2397.25,2376.65,664
2396.79,2376.39,665
2396.33,2376.12,666
2395.87,2375.86,667
2395.41,2375.59,668
2394.95,2375.33,669
2394.49,2375.06,670
2394.02,2374.8,671
2393.56,2374.53,672
2393.09,2374.27,673
2392.62,2374.01,674
2392.15,2373.74,675
2391.68,2373.48,676
2391.2,2373.22,677
2390.73,2372.95,678
2390.25,2372.69,679
2389.77,2372.43,680
2389.29,2372.17,681
2388.81,2371.9,682
2388.33,2371.64,683
2387.85,2371.38,684
2387.36,2371.12,685
2386.88,2370.86,686
2386.39,2370.59,687
2385.9,2370.33,688
2385.41,2370.07,689
2384.92,2369.81,690
2384.42,2369.55,691
2383.93,2369.29,692
2383.43,2369.03,693
2382.93,2368.77,694
2382.43,2368.51,695
2381.93,2368.25,696
2381.43,2367.99,697
2380.93,2367.74,698
2380.42,2367.48,699
2379.91,2367.22,700
2379.41,2366.96,701
2378.9,2366.7,702
2378.38,2366.45,703
2377.87,2366.19,704
2377.36,2365.93,705
2376.84,2365.68,706
2376.32,2365.42,707
2375.81,2365.16,708
2375.29,2364.91,709
2374.76,2364.65,710
2374.24,2364.4,711
2373.72,2364.14,712
2373.19,2363.89,713
2372.66,2363.63,714
2372.13,2363.38,715
2371.6,2363.12,716
2371.07,2362.87,717
2370.54,2362.62,718
2370,2362.36,719
2369.46,2362.11,720
2368.93,2361.86,721
2368.39,2361.61,722
2367.85,2361.36,723
2367.3,2361.1,724
2366.76,2360.85,725
2366.21,2360.6,726
2365.66,2360.35,727
2365.12,2360.1,728
2364.57,2359.85,729
2364.01,2359.6,730
2363.46,2359.36,731
2362.9,2359.11,732
2362.35,2358.86,733
2361.79,2358.61,734
2361.23,2358.36,735
2360.67,2358.12,736
2360.1,2357.87,737
2359.54,2357.62,738
2358.97,2357.38,739
2358.41,2357.13,740
2357.84,2356.89,741
2357.27,2356.64,742
2356.69,2356.4,743
2356.12,2356.15,744
2355.54,2355.91,745
2354.97,2355.67,746
2354.39,2355.42,747
2353.81,2355.18,748
2353.23,2354.94,749
2352.64,2354.7,750
2352.06,2354.45,751
2351.47,2354.21,752
2350.88,2353.97,753
2350.29,2353.73,754
2349.7,2353.49,755
2349.11,2353.25,756
2348.51,2353.02,757
2347.92,2352.78,758
2347.32,2352.54,759
2346.72,2352.3,760
2346.12,2352.06,761
2345.51,2351.83,762
2344.91,2351.59,763
2344.3,2351.36,764
2343.7,2351.12,765
2343.09,2350.89,766
2342.48,2350.65,767
2341.86,2350.42,768
2341.25,2350.19,769
2340.63,2349.95,770
2340.01,2349.72,771
2339.4,2349.49,772
2338.77,2349.26,773
2338.15,2349.03,774
2337.53,2348.8,775
2336.9,2348.57,776
2336.27,2348.34,777
2335.64,2348.11,778
2335.01,2347.88,779
2334.38,2347.65,780
2333.75,2347.43,781
2333.11,2347.2,782
2332.47,2346.97,783
2331.83,2346.75,784
2331.19,2346.52,785
2330.55,2346.3,786
2329.9,2346.07,787
2329.26,2345.85,788
2328.61,2345.63,789
2327.96,2345.4,790
2327.31,2345.18,791
2326.66,2344.96,792
2326,2344.74,793
2325.35,2344.52,794
2324.69,2344.3,795
2324.03,2344.08,796
2323.37,2343.86,797
2322.7,2343.65,798
2322.04,2343.43,799
2321.37,2343.21,800
2320.7,2343,801
2320.03,2342.78,802
2319.36,2342.57,803
2318.69,2342.35,804
2318.01,2342.14,805
2317.34,2341.92,806
2316.66,2341.71,807
2315.98,2341.5,808
2315.29,2341.29,809
2314.61,2341.08,810
2313.92,2340.87,811
2313.24,2340.66,812
2312.55,2340.45,813
2311.86,2340.24,814
2311.16,2340.04,815
2310.47,2339.83,816
2309.77,2339.62,817
2309.07,2339.42,818
2308.37,2339.21,819
2307.67,2339.01,820
2306.97,2338.81,821
2306.26,2338.6,822
2305.56,2338.4,823
2304.85,2338.2,824
2304.14,2338,825
2303.42,2337.8,826
2302.71,2337.6,827
2301.99,2337.4,828
2301.28,2337.21,829
2300.56,2337.01,830
2299.83,2336.81,831
2299.11,2336.62,832
2298.39,2336.42,833
2297.66,2336.23,834
2296.93,2336.04,835
2296.2,2335.84,836
2295.47,2335.65,837
2294.73,2335.46,838
2294,2335.27,839
2293.26,2335.08,840
2292.52,2334.89,841
2291.78,2334.7,842
2291.03,2334.52,843
2290.29,2334.33,844
2289.54,2334.15,845
2288.79,2333.96,846
2288.04,2333.78,847
2287.29,2333.59,848
2286.54,2333.41,849
2285.78,2333.23,850
2285.02,2333.05,851
2284.26,2332.87,852
2283.5,2332.69,853
2282.73,2332.51,854
2281.97,2332.33,855
2281.2,2332.16,856
2280.43,2331.98,857
2279.66,2331.81,858
2278.89,2331.63,859
2278.11,2331.46,860
2277.33,2331.29,861
2276.56,2331.12,862
2275.78,2330.94,863
2274.99,2330.77,864
2274.21,2330.61,865
2273.42,2330.44,866
2272.63,2330.27,867
2271.84,2330.1,868
2271.05,2329.94,869
2270.26,2329.77,870
2269.46,2329.61,871
2268.66,2329.45,872
2267.86,2329.29,873
2267.06,2329.13,874
2266.26,2328.97,875
2265.45,2328.81,876
2264.64,2328.65,877
2263.83,2328.49,878
2263.02,2328.34,879
2262.21,2328.18,880
2261.39,2328.03,881
2260.58,2327.87,882
2259.76,2327.72,883
2258.93,2327.57,884
2258.11,2327.42,885
2257.29,2327.27,886
2256.46,2327.12,887
2255.63,2326.97,888
2254.8,2326.83,889
2253.97,2326.68,890
2253.13,2326.54,891
2252.29,2326.39,892
2251.45,2326.25,893
2250.61,2326.11,894
2249.77,2325.97,895
2248.93,2325.83,896
2248.08,2325.69,897
2247.23,2325.56,898
2246.38,2325.42,899
2245.53,2325.28,900
2244.67,2325.15,901
2243.81,2325.02,902
2242.95,2324.89,903
2242.09,2324.75,904
2241.23,2324.62,905
2240.37,2324.5,906
2239.5,2324.37,907
2238.63,2324.24,908
2237.76,2324.12,909
2236.89,2323.99,910
2236.01,2323.87,911
2235.13,2323.75,912
2234.25,2323.63,913
2233.37,2323.51,914
2232.49,2323.39,915
2231.6,2323.27,916
2230.72,2323.15,917
2229.83,2323.04,918
2228.94,2322.92,919
2228.04,2322.81,920
2227.15,2322.7,921
2226.25,2322.59,922
2225.35,2322.48,923
2224.45,2322.37,924
2223.54,2322.26,925
2222.64,2322.16,926
2221.73,2322.05,927
2220.82,2321.95,928
2219.91,2321.85,929
2218.99,2321.75,930
2218.08,2321.65,931
2217.16,2321.55,932
2216.24,2321.45,933
2215.31,2321.36,934
2214.39,2321.26,935
2213.46,2321.17,936
2212.53,2321.08,937
2211.6,2320.99,938
2210.67,2320.9,939
2209.73,2320.81,940
2208.79,2320.72,941
2207.85,2320.63,942
2206.91,2320.55,943
2205.97,2320.47,944
2205.02,2320.38,945
2204.07,2320.3,946
2203.12,2320.22,947
2202.17,2320.15,948
2201.22,2320.07,949
2200.26,2319.99,950
2199.3,2319.92,951
2198.34,2319.85,952
2197.38,2319.78,953
2196.41,2319.71,954
2195.44,2319.64,955
2194.47,2319.57,956
2193.5,2319.51,957
2192.53,2319.44,958
2191.55,2319.38,959
2190.57,2319.32,960
2189.59,2319.26,961
2188.61,2319.2,962
2187.63,2319.14,963
2186.64,2319.08,964
2185.65,2319.03,965
2184.66,2318.98,966
2183.66,2318.93,967
2182.67,2318.88,968
2181.67,2318.83,969
2180.67,2318.78,970
2179.67,2318.73,971
2178.66,2318.69,972
2177.65,2318.65,973
2176.64,2318.61,974
2175.63,2318.57,975
2174.62,2318.53,976
2173.6,2318.49,977
2172.58,2318.46,978
2171.56,2318.42,979
2170.54,2318.39,980
2169.52,2318.36,981
2168.49,2318.33,982
2167.46,2318.3,983
2166.43,2318.28,984
2165.39,2318.25,985
2164.36,2318.23,986
2163.32,2318.21,987
2162.28,2318.19,988
2161.24,2318.17,989
2160.19,2318.15,990
2159.14,2318.14,991
2158.09,2318.13,992
2157.04,2318.11,993
2155.99,2318.1,994
2154.93,2318.1,995
2153.87,2318.09,996
2152.81,2318.08,997
2151.74,2318.08,998
2150.68,2318.08,999
2149.61,2318.08,1000
2148.54,2318.08,1001
2147.47,2318.08,1002
2146.39,2318.09,1003
2145.31,2318.1,1004
2144.23,2318.11,1005
2143.15,2318.12,1006
2142.07,2318.13,1007
2140.98,2318.14,1008
2139.89,2318.16,1009
2138.8,2318.17,1010
2137.71,2318.19,1011
2136.61,2318.21,1012
2135.51,2318.24,1013
2134.41,2318.26,1014
2133.31,2318.29,1015
2132.2,2318.31,1016
2131.09,2318.34,1017
2129.98,2318.37,1018
2128.87,2318.41,1019
2127.76,2318.44,1020
2126.64,2318.48,1021
2125.52,2318.52,1022
2124.4,2318.56,1023
2123.27,2318.6,1024
2122.14,2318.65,1025
2121.01,2318.69,1026
2119.88,2318.74,1027
2118.75,2318.79,1028
2117.61,2318.84,1029
2116.47,2318.9,1030
2115.33,2318.95,1031
2114.19,2319.01,1032
2113.04,2319.07,1033
2111.89,2319.13,1034
2110.74,2319.19,1035
2109.59,2319.26,1036
2108.43,2319.33,1037
2107.27,2319.39,1038
2106.11,2319.47,1039
2104.95,2319.54,1040
2103.78,2319.61,1041
2102.61,2319.69,1042
2101.44,2319.77,1043
2100.27,2319.85,1044
2099.09,2319.93,1045
2097.92,2320.02,1046
2096.74,2320.11,1047
2095.55,2320.2,1048
2094.37,2320.29,1049
2093.18,2320.38,1050
2091.99,2320.48,1051
2090.8,2320.58,1052
2089.6,2320.67,1053
2088.4,2320.78,1054
2087.2,2320.88,1055
2086,2320.99,1056
2084.79,2321.09,1057
2083.59,2321.21,1058
2082.38,2321.32,1059
2081.16,2321.43,1060
2079.95,2321.55,1061
2078.73,2321.67,1062
2077.51,2321.79,1063
2076.29,2321.91,1064
2075.06,2322.04,1065
2073.83,2322.17,1066
2072.6,2322.3,1067
2071.37,2322.43,1068
2070.13,2322.56,1069
2068.89,2322.7,1070
2067.65,2322.84,1071
2066.41,2322.98,1072
2065.16,2323.12,1073
2063.91,2323.27,1074
2062.66,2323.42,1075
2061.41,2323.57,1076
2060.15,2323.72,1077
2058.89,2323.88,1078
2057.63,2324.03,1079
2056.37,2324.19,1080
2055.1,2324.35,1081
2053.83,2324.52,1082
2052.56,2324.69,1083
2051.29,2324.85,1084
2050.01,2325.03,1085
2048.73,2325.2,1086
2047.45,2325.38,1087
2046.16,2325.56,1088
2044.88,2325.74,1089
2043.59,2325.92,1090
2042.29,2326.11,1091
2041,2326.29,1092
2039.7,2326.49,1093
2038.4,2326.68,1094
2037.1,2326.87,1095
2035.79,2327.07,1096
2034.48,2327.27,1097
2033.17,2327.48,1098
2031.86,2327.68,1099
2030.54,2327.89,1100
2029.22,2328.1,1101
2027.9,2328.32,1102
2026.57,2328.53,1103
2025.25,2328.75,1104
2023.92,2328.97,1105
2022.58,2329.2,1106
2021.25,2329.42,1107
2019.91,2329.65,1108
2018.57,2329.88,1109
2017.23,2330.12,1110
2015.88,2330.36,1111
2014.53,2330.6,1112
2013.18,2330.84,1113
2011.82,2331.08,1114
2010.47,2331.33,1115
2009.11,2331.58,1116
2007.74,2331.84,1117
2006.38,2332.09,1118
2005.01,2332.35,1119
2003.64,2332.61,1120
2002.27,2332.88,1121
2000.89,2333.14,1122
1999.51,2333.41,1123
1998.13,2333.69,1124
1996.75,2333.96,1125
1995.36,2334.24,1126
1993.97,2334.52,1127
1992.58,2334.8,1128
1991.18,2335.09,1129
1989.78,2335.38,1130
1988.38,2335.67,1131
1986.98,2335.97,1132
1985.57,2336.27,1133
1984.16,2336.57,1134
1982.75,2336.87,1135
1981.33,2337.18,1136
1979.91,2337.49,1137
1978.49,2337.8,1138
1977.07,2338.12,1139
1975.64,2338.44,1140
1974.21,2338.76,1141
1972.78,2339.08,1142
1971.35,2339.41,1143
1969.91,2339.74,1144
1968.47,2340.08,1145
1967.02,2340.41,1146
1965.58,2340.75,1147
1964.13,2341.1,1148
1962.67,2341.44,1149
1961.22,2341.79,1150
1959.76,2342.14,1151
1958.3,2342.5,1152
1956.84,2342.86,1153
1955.37,2343.22,1154
1953.9,2343.59,1155
1952.43,2343.95,1156
1950.95,2344.33,1157
1949.47,2344.7,1158
1947.99,2345.08,1159
1946.51,2345.46,1160
1945.02,2345.84,1161
1943.53,2346.23,1162
1942.04,2346.62,1163
1940.54,2347.02,1164
1939.04,2347.41,1165
1937.54,2347.81,1166
1936.04,2348.22,1167
1934.53,2348.63,1168
1933.02,2349.04,1169
1931.51,2349.45,1170
1929.99,2349.87,1171
1928.47,2350.29,1172
1926.95,2350.71,1173
1925.42,2351.14,1174
1923.89,2351.57,1175
1922.36,2352.01,1176
1920.83,2352.44,1177
1919.29,2352.89,1178
1917.75,2353.33,1179
1916.21,2353.78,1180
1914.66,2354.23,1181
1913.11,2354.69,1182
1911.56,2355.14,1183
1910,2355.61,1184
1908.44,2356.07,1185
1906.88,2356.54,1186
1905.32,2357.02,1187
1903.75,2357.49,1188
1902.18,2357.97,1189
1900.6,2358.46,1190
1899.03,2358.95,1191
1897.45,2359.44,1192
1895.86,2359.93,1193
1894.28,2360.43,1194
1892.69,2360.93,1195
1891.1,2361.44,1196
1889.5,2361.95,1197
1887.9,2362.46,1198
1886.3,2362.98,1199
1884.7,2363.5,1200
1883.09,2364.03,1201
1881.48,2364.56,1202
1879.86,2365.09,1203
1878.24,2365.63,1204
1876.62,2366.17,1205
1875,2366.71,1206
1873.37,2367.26,1207
1871.74,2367.81,1208
1870.11,2368.37,1209
1868.47,2368.93,1210
1866.83,2369.49,1211
1865.19,2370.06,1212
1863.55,2370.63,1213
1861.9,2371.21,1214
1860.25,2371.79,1215
1858.59,2372.38,1216
1856.93,2372.96,1217
1855.27,2373.56,1218
1853.6,2374.15,1219
1851.94,2374.75,1220
1850.26,2375.36,1221
1848.59,2375.97,1222
1846.91,2376.58,1223
1845.23,2377.2,1224
1843.55,2377.82,1225
1841.86,2378.44,1226
1840.17,2379.07,1227
1838.47,2379.71,1228
1836.78,2380.35,1229
1835.08,2380.99,1230
1833.37,2381.64,1231
1831.66,2382.29,1232
1829.95,2382.94,1233
1828.24,2383.6,1234
1826.52,2384.27,1235
1824.8,2384.94,1236
1823.08,2385.61,1237
1821.35,2386.29,1238
1819.62,2386.97,1239
1817.89,2387.66,1240
1816.15,2388.35,1241
1814.41,2389.04,1242
1812.66,2389.74,1243
1810.92,2390.45,1244
1809.17,2391.16,1245
1807.41,2391.87,1246
1805.66,2392.59,1247
1803.89,2393.31,1248
1802.13,2394.04,1249
1800.36,2394.77,1250
1798.59,2395.51,1251
1796.82,2396.25,1252
1795.04,2396.99,1253
1793.26,2397.75,1254
1791.47,2398.5,1255
1789.69,2399.26,1256
1787.89,2400.03,1257
1786.1,2400.8,1258
1784.3,2401.57,1259
1782.5,2402.35,1260
1780.69,2403.14,1261
1778.89,2403.93,1262
1777.07,2404.72,1263
1775.26,2405.52,1264
1773.44,2406.32,1265
1771.62,2407.13,1266
1769.79,2407.95,1267
1767.96,2408.77,1268
1766.13,2409.59,1269
1764.29,2410.42,1270
1762.45,2411.25,1271
1760.61,2412.09,1272
1758.76,2412.94,1273
1756.91,2413.79,1274
1755.05,2414.64,1275
1753.19,2415.5,1276
1751.33,2416.37,1277
1749.47,2417.24,1278
1747.6,2418.11,1279
1745.73,2419,1280
1743.85,2419.88,1281
1741.97,2420.77,1282
1740.09,2421.67,1283
1738.2,2422.57,1284
1736.31,2423.48,1285
1734.42,2424.39,1286
1732.52,2425.31,1287
1730.62,2426.24,1288
1728.71,2427.17,1289
1726.8,2428.1,1290
1724.89,2429.04,1291
1722.97,2429.99,1292
1721.05,2430.94,1293
1719.13,2431.9,1294
1717.2,2432.86,1295
1715.27,2433.83,1296
1713.34,2434.8,1297
1711.4,2435.78,1298
1709.46,2436.77,1299
1707.51,2437.76,1300
1705.56,2438.76,1301
1703.61,2439.76,1302
1701.65,2440.77,1303
1699.69,2441.78,1304
1697.73,2442.81,1305
1695.76,2443.83,1306
1693.79,2444.86,1307
1691.81,2445.9,1308
1689.83,2446.95,1309
1687.85,2448,1310
1685.86,2449.05,1311
1683.87,2450.12,1312
1681.87,2451.18,1313
1679.87,2452.26,1314
1677.87,2453.34,1315
1675.86,2454.43,1316
1673.85,2455.52,1317
1671.84,2456.62,1318
1669.82,2457.72,1319
1667.8,2458.84,1320
1665.77,2459.95,1321
1663.74,2461.08,1322
1661.71,2462.21,1323
1659.67,2463.35,1324
1657.63,2464.49,1325
1655.58,2465.64,1326
1653.53,2466.8,1327
1651.48,2467.96,1328
1649.42,2469.13,1329
1647.36,2470.3,1330
1645.29,2471.49,1331
1643.22,2472.68,1332
1641.15,2473.87,1333
1639.07,2475.07,1334
1636.99,2476.28,1335
1634.9,2477.5,1336
1632.81,2478.72,1337
1630.72,2479.95,1338
1628.62,2481.19,1339
1626.52,2482.43,1340
1624.41,2483.68,1341
1622.3,2484.94,1342
1620.19,2486.2,1343
1618.07,2487.47,1344
1615.95,2488.75,1345
1613.82,2490.04,1346
1611.69,2491.33,1347
1609.55,2492.63,1348
1607.41,2493.93,1349
1605.27,2495.25,1350
1603.12,2496.57,1351
1600.97,2497.9,1352
1598.82,2499.23,1353
1596.66,2500.57,1354
1594.49,2501.92,1355
1592.32,2503.28,1356
1590.15,2504.65,1357
1587.97,2506.02,1358
1585.79,2507.4,1359
1583.6,2508.78,1360
1581.41,2510.18,1361
1579.22,2511.58,1362
1577.02,2512.99,1363
1574.82,2514.41,1364
1572.61,2515.83,1365
1570.4,2517.27,1366
1568.18,2518.71,1367
1565.96,2520.16,1368
1563.74,2521.61,1369
1561.51,2523.08,1370
1559.28,2524.55,1371
1557.04,2526.03,1372
1554.8,2527.52,1373
1552.55,2529.01,1374
1550.3,2530.52,1375
1548.04,2532.03,1376
1545.78,2533.55,1377
1543.52,2535.08,1378
1541.25,2536.62,1379
1538.97,2538.16,1380
1536.7,2539.72,1381
1534.41,2541.28,1382
1532.13,2542.85,1383
1529.84,2544.43,1384
1527.54,2546.01,1385
1525.24,2547.61,1386
1522.93,2549.21,1387
1520.62,2550.82,1388
1518.31,2552.45,1389
1515.99,2554.08,1390
1513.67,2555.71,1391
1511.34,2557.36,1392
1509,2559.02,1393
1506.67,2560.68,1394
1504.32,2562.36,1395
1501.98,2564.04,1396
1499.62,2565.73,1397
1497.27,2567.43,1398
1494.91,2569.14,1399
1492.54,2570.86,1400
1490.17,2572.59,1401
1487.79,2574.33,1402
1485.41,2576.07,1403
1483.03,2577.83,1404
1480.64,2579.6,1405
1478.24,2581.37,1406
1475.84,2583.16,1407
1473.44,2584.95,1408
1471.03,2586.75,1409
1468.61,2588.56,1410
1466.19,2590.39,1411
1463.77,2592.22,1412
1461.34,2594.06,1413
1458.91,2595.91,1414
1456.47,2597.77,1415
1454.02,2599.65,1416
1451.58,2601.53,1417
1449.12,2603.42,1418
1446.66,2605.32,1419
1444.2,2607.23,1420
1441.73,2609.15,1421
1439.26,2611.08,1422
1436.78,2613.03,1423
1434.29,2614.98,1424
1431.8,2616.94,1425
1429.31,2618.91,1426
1426.81,2620.9,1427
1424.3,2622.89,1428
1421.79,2624.89,1429
1419.28,2626.91,1430
1416.76,2628.94,1431
1414.23,2630.97,1432
1411.7,2633.02,1433
1409.16,2635.08,1434
1406.62,2637.15,1435
1404.08,2639.23,1436
1401.52,2641.32,1437
1398.97,2643.42,1438
1396.4,2645.53,1439
1393.84,2647.66,1440
1391.26,2649.79,1441
1388.68,2651.94,1442
1386.1,2654.1,1443
1383.51,2656.27,1444
1380.91,2658.45,1445
1378.31,2660.64,1446
1375.71,2662.85,1447
1373.1,2665.07,1448
1370.48,2667.29,1449
1367.86,2669.53,1450
1365.23,2671.79,1451
1362.59,2674.05,1452
1359.95,2676.33,1453
1357.31,2678.61,1454
1354.66,2680.91,1455
1352,2683.23,1456
1349.34,2685.55,1457
1346.67,2687.89,1458
1344,2690.24,1459
1341.32,2692.6,1460
1338.63,2694.97,1461
1335.94,2697.36,1462
1333.25,2699.76,1463
1330.54,2702.18,1464
1327.83,2704.6,1465
1325.12,2707.04,1466
1322.4,2709.49,1467
1319.67,2711.96,1468
1316.94,2714.43,1469
1314.2,2716.93,1470
1311.46,2719.43,1471
1308.71,2721.95,1472
1305.95,2724.48,1473
1303.19,2727.03,1474
1300.42,2729.58,1475
1297.65,2732.16,1476
1294.87,2734.74,1477
1292.08,2737.34,1478
1289.29,2739.96,1479
1286.49,2742.59,1480
1283.69,2745.23,1481
1280.87,2747.89,1482
1278.06,2750.56,1483
1275.23,2753.24,1484
1272.4,2755.94,1485
1269.57,2758.66,1486
1266.72,2761.38,1487
1263.87,2764.13,1488
1261.02,2766.89,1489
1258.16,2769.66,1490
1255.29,2772.45,1491
1252.41,2775.25,1492
1249.53,2778.07,1493
1246.64,2780.91,1494
1243.75,2783.76,1495
1240.85,2786.62,1496
1237.94,2789.5,1497
1235.02,2792.4,1498
1232.1,2795.31,1499
1229.17,2798.24,1500
1226.24,2801.18,1501
1223.3,2804.14,1502
1220.35,2807.12,1503
1217.39,2810.11,1504
1214.43,2813.12,1505
1211.46,2816.15,1506
1208.49,2819.19,1507
1205.5,2822.25,1508
1202.51,2825.32,1509
1199.52,2828.42,1510
1196.51,2831.53,1511
1193.5,2834.65,1512
1190.48,2837.8,1513
1187.46,2840.96,1514
1184.42,2844.14,1515
1181.38,2847.34,1516
1178.34,2850.55,1517
1175.28,2853.78,1518
1172.22,2857.03,1519
1169.15,2860.3,1520
1166.08,2863.59,1521
1162.99,2866.89,1522
1159.9,2870.22,1523
1156.8,2873.56,1524
1153.69,2876.92,1525
1150.58,2880.3,1526
1147.46,2883.7,1527
1144.33,2887.11,1528
1141.19,2890.55,1529
1138.05,2894.01,1530
1134.89,2897.48,1531
1131.73,2900.98,1532
1128.57,2904.49,1533
1125.39,2908.03,1534
1122.21,2911.58,1535
1119.01,2915.16,1536
1115.81,2918.75,1537
1112.61,2922.37,1538
1109.39,2926.01,1539
1106.16,2929.66,1540
1102.93,2933.34,1541
1099.69,2937.04,1542
1096.44,2940.76,1543
1093.19,2944.5,1544
1089.92,2948.27,1545
1086.65,2952.05,1546
1083.36,2955.86,1547
1080.07,2959.69,1548
1076.77,2963.54,1549
1073.46,2967.41,1550
1070.15,2971.31,1551
1066.82,2975.23,1552
1063.49,2979.17,1553
1060.14,2983.13,1554
1056.79,2987.12,1555
1053.43,2991.13,1556
1050.06,2995.17,1557
1046.68,2999.22,1558
1043.29,3003.31,1559
1039.9,3007.41,1560
1036.49,3011.54,1561
1033.08,3015.7,1562
1029.65,3019.88,1563
1026.22,3024.08,1564
1022.77,3028.31,1565
1019.32,3032.57,1566
1015.86,3036.85,1567
1012.39,3041.15,1568
1008.91,3045.48,1569
1005.41,3049.84,1570
1001.91,3054.22,1571
998.403,3058.63,1572
994.883,3063.07,1573
991.353,3067.54,1574
987.812,3072.03,1575
984.262,3076.54,1576
980.701,3081.09,1577
977.13,3085.66,1578
973.55,3090.27,1579
969.958,3094.9,1580
966.357,3099.55,1581
962.744,3104.24,1582
959.122,3108.96,1583
955.489,3113.7,1584
951.845,3118.48,1585
948.19,3123.28,1586
944.525,3128.12,1587
940.848,3132.98,1588
937.161,3137.88,1589
933.463,3142.8,1590
929.753,3147.76,1591
926.032,3152.75,1592
922.3,3157.77,1593
918.557,3162.82,1594
914.802,3167.9,1595
911.036,3173.02,1596
907.258,3178.16,1597
903.469,3183.35,1598
899.667,3188.56,1599
895.854,3193.81,1600
892.029,3199.09,1601
888.191,3204.41,1602
884.342,3209.76,1603
880.48,3215.15,1604
876.606,3220.57,1605
872.72,3226.02,1606
868.821,3231.52,1607
864.91,3237.04,1608
860.985,3242.61,1609
857.048,3248.21,1610
853.098,3253.85,1611
849.135,3259.53,1612
845.159,3265.24,1613
841.17,3270.99,1614
837.167,3276.79,1615
833.151,3282.62,1616
829.121,3288.49,1617
825.078,3294.4,1618
821.02,3300.35,1619
816.949,3306.34,1620
812.864,3312.37,1621
808.765,3318.44,1622
804.651,3324.56,1623
800.523,3330.71,1624
796.38,3336.91,1625
792.223,3343.16,1626
788.051,3349.44,1627
783.864,3355.77,1628
779.662,3362.15,1629
775.445,3368.57,1630
771.212,3375.03,1631
766.964,3381.54,1632
762.701,3388.1,1633
758.421,3394.71,1634
754.126,3401.36,1635
749.815,3408.06,1636
745.487,3414.81,1637
741.143,3421.61,1638
736.783,3428.45,1639
732.406,3435.35,1640
728.012,3442.3,1641
723.601,3449.3,1642
719.173,3456.35,1643
714.727,3463.45,1644
710.264,3470.61,1645
705.783,3477.82,1646
701.285,3485.08,1647
696.768,3492.4,1648
692.233,3499.78,1649
687.679,3507.21,1650
683.107,3514.69,1651
678.516,3522.24,1652
673.906,3529.84,1653
669.277,3537.5,1654
664.628,3545.22,1655
659.96,3553.01,1656
655.272,3560.85,1657
650.563,3568.75,1658
645.835,3576.72,1659
641.085,3584.75,1660
636.315,3592.85,1661
631.524,3601.01,1662
626.712,3609.23,1663
621.878,3617.52,1664
617.022,3625.88,1665
612.144,3634.31,1666
607.244,3642.81,1667
602.322,3651.38,1668
597.376,3660.02,1669
592.408,3668.73,1670
587.416,3677.51,1671
582.4,3686.37,1672
577.36,3695.3,1673
572.296,3704.31,1674
567.208,3713.4,1675
562.094,3722.56,1676
556.956,3731.8,1677
551.792,3741.13,1678
546.601,3750.53,1679
541.385,3760.02,1680
536.142,3769.6,1681
530.872,3779.25,1682
525.575,3789,1683
520.25,3798.83,1684
514.897,3808.75,1685
509.515,3818.76,1686
504.105,3828.86,1687
498.665,3839.06,1688
493.196,3849.35,1689
487.697,3859.74,1690
482.167,3870.22,1691
476.606,3880.81,1692
471.013,3891.49,1693
465.389,3902.27,1694
459.732,3913.16,1695
454.042,3924.16,1696
448.319,3935.26,1697
442.562,3946.47,1698
436.771,3957.8,1699
430.944,3969.23,1700
425.082,3980.78,1701
419.183,3992.45,1702
413.248,4004.23,1703
407.276,4016.14,1704
401.265,4028.17,1705
395.216,4040.32,1706
389.128,4052.6,1707
383,4065.01,1708
376.831,4077.56,1709
370.621,4090.23,1710
364.369,4103.05,1711
358.073,4116,1712
351.735,4129.09,1713
345.352,4142.33,1714
338.923,4155.72,1715
332.449,4169.26,1716
325.928,4182.95,1717
319.359,4196.79,1718
312.741,4210.8,1719
306.074,4224.97,1720
299.356,4239.3,1721
292.586,4253.81,1722
285.763,4268.49,1723
278.887,4283.34,1724
271.956,4298.38,1725
264.969,4313.59,1726
257.925,4329,1727
250.822,4344.6,1728
243.66,4360.4,1729
236.436,4376.4,1730
229.151,4392.6,1731
221.801,4409.01,1732
214.387,4425.64,1733
206.905,4442.5,1734
199.356,4459.57,1735
191.737,4476.88,1736
184.046,4494.43,1737
176.282,4512.21,1738
168.443,4530.25,1739
160.527,4548.54,1740
160.527,4548.54,1741
160.527,4548.54,1742
160.527,4548.54,1743
160.527,4548.54,1744
160.527,4548.54,1745
160.527,4548.54,1746
160.527,4548.54,1747
160.527,4548.54,1748
160.527,4548.54,1749
160.527,4548.54,1750
160.527,4548.54,1751
160.527,4548.54,1752
160.527,4548.54,1753
160.527,4548.54,1754
160.527,4548.54,1755
160.527,4548.54,1756
160.527,4548.54,1757
160.527,4548.54,1758
160.527,4548.54,1759
160.527,4548.54,1760
160.527,4548.54,1761
160.527,4548.54,1762
160.527,4548.54,1763
160.527,4548.54,1764
160.527,4548.54,1765
160.527,4548.54,1766
160.527,4548.54,1767
160.527,4548.54,1768
160.527,4548.54,1769
160.527,4548.54,1770
160.527,4548.54,1771
160.527,4548.54,1772
160.527,4548.54,1773
160.527,4548.54,1774
160.527,4548.54,1775
160.527,4548.54,1776
160.527,4548.54,1777
160.527,4548.54,1778
160.527,4548.54,1779
160.527,4548.54,1780
160.527,4548.54,1781
160.527,4548.54,1782
160.527,4548.54,1783
160.527,4548.54,1784
160.527,4548.54,1785
160.527,4548.54,1786
160.527,4548.54,1787
160.527,4548.54,1788
160.527,4548.54,1789
160.527,4548.54,1790
160.527,4548.54,1791
160.527,4548.54,1792
160.527,4548.54,1793
160.527,4548.54,1794
160.527,4548.54,1795
160.527,4548.54,1796
160.527,4548.54,1797
160.527,4548.54,1798
160.527,4548.54,1799
160.527,4548.54,1800
160.527,4548.54,1801
160.527,4548.54,1802
160.527,4548.54,1803
160.527,4548.54,1804
160.527,4548.54,1805
160.527,4548.54,1806
160.527,4548.54,1807
160.527,4548.54,1808
160.527,4548.54,1809
160.527,4548.54,1810
160.527,4548.54,1811
160.527,4548.54,1812
160.527,4548.54,1813
160.527,4548.54,1814
160.527,4548.54,1815
160.527,4548.54,1816
160.527,4548.54,1817
160.527,4548.54,1818
160.527,4548.54,1819
160.527,4548.54,1820
160.527,4548.54,1821
160.527,4548.54,1822
160.527,4548.54,1823
160.527,4548.54,1824
160.527,4548.54,1825
160.527,4548.54,1826
160.527,4548.54,1827
160.527,4548.54,1828
160.527,4548.54,1829
160.527,4548.54,1830
160.527,4548.54,1831
160.527,4548.54,1832
160.527,4548.54,1833
160.527,4548.54,1834
160.527,4548.54,1835
160.527,4548.54,1836
160.527,4548.54,1837
160.527,4548.54,1838
160.527,4548.54,1839
160.527,4548.54,1840
160.527,4548.54,1841
160.527,4548.54,1842
160.527,4548.54,1843
160.527,4548.54,1844
160.527,4548.54,1845
160.527,4548.54,1846
160.527,4548.54,1847
160.527,4548.54,1848
160.527,4548.54,1849
160.527,4548.54,1850
160.527,4548.54,1851
160.527,4548.54,1852
160.527,4548.54,1853
160.527,4548.54,1854
160.527,4548.54,1855
160.527,4548.54,1856
160.527,4548.54,1857
160.527,4548.54,1858
160.527,4548.54,1859
160.527,4548.54,1860
160.527,4548.54,1861
160.527,4548.54,1862
160.527,4548.54,1863
160.527,4548.54,1864
160.527,4548.54,1865
160.527,4548.54,1866
160.527,4548.54,1867
160.527,4548.54,1868
160.527,4548.54,1869
160.527,4548.54,1870
160.527,4548.54,1871
160.527,4548.54,1872
160.527,4548.54,1873
160.527,4548.54,1874
160.527,4548.54,1875
160.527,4548.54,1876
160.527,4548.54,1877
160.527,4548.54,1878
160.527,4548.54,1879
160.527,4548.54,1880
160.527,4548.54,1881
160.527,4548.54,1882
160.527,4548.54,1883
160.527,4548.54,1884
160.527,4548.54,1885
160.527,4548.54,1886
160.527,4548.54,1887
160.527,4548.54,1888
160.527,4548.54,1889
160.527,4548.54,1890
160.527,4548.54,1891
160.527,4548.54,1892
160.527,4548.54,1893
160.527,4548.54,1894
160.527,4548.54,1895
160.527,4548.54,1896
160.527,4548.54,1897
160.527,4548.54,1898
160.527,4548.54,1899
160.527,4548.54,1900
160.527,4548.54,1901
160.527,4548.54,1902
160.527,4548.54,1903
160.527,4548.54,1904
160.527,4548.54,1905
160.527,4548.54,1906
160.527,4548.54,1907
160.527,4548.54,1908
160.527,4548.54,1909
160.527,4548.54,1910
160.527,4548.54,1911
160.527,4548.54,1912
160.527,4548.54,1913
160.527,4548.54,1914
160.527,4548.54,1915
160.527,4548.54,1916
160.527,4548.54,1917
160.527,4548.54,1918
160.527,4548.54,1919
160.527,4548.54,1920
160.527,4548.54,1921
160.527,4548.54,1922
160.527,4548.54,1923
160.527,4548.54,1924
160.527,4548.54,1925
160.527,4548.54,1926
160.527,4548.54,1927
160.527,4548.54,1928
160.527,4548.54,1929
160.527,4548.54,1930
160.527,4548.54,1931
160.527,4548.54,1932
160.527,4548.54,1933
160.527,4548.54,1934
160.527,4548.54,1935
160.527,4548.54,1936
160.527,4548.54,1937
160.527,4548.54,1938
160.527,4548.54,1939
160.527,4548.54,1940
160.527,4548.54,1941
160.527,4548.54,1942
160.527,4548.54,1943
160.527,4548.54,1944
160.527,4548.54,1945
160.527,4548.54,1946
160.527,4548.54,1947
160.527,4548.54,1948
160.527,4548.54,1949
160.527,4548.54,1950
160.527,4548.54,1951
160.527,4548.54,1952
160.527,4548.54,1953
160.527,4548.54,1954
160.527,4548.54,1955
160.527,4548.54,1956
160.527,4548.54,1957
160.527,4548.54,1958
160.527,4548.54,1959
160.527,4548.54,1960
160.527,4548.54,1961
160.527,4548.54,1962
160.527,4548.54,1963
160.527,4548.54,1964
160.527,4548.54,1965
160.527,4548.54,1966
160.527,4548.54,1967
160.527,4548.54,1968
160.527,4548.54,1969
160.527,4548.54,1970
160.527,4548.54,1971
160.527,4548.54,1972
160.527,4548.54,1973
160.527,4548.54,1974
160.527,4548.54,1975
160.527,4548.54,1976
160.527,4548.54,1977
160.527,4548.54,1978
160.527,4548.54,1979
160.527,4548.54,1980
160.527,4548.54,1981
160.527,4548.54,1982
160.527,4548.54,1983
160.527,4548.54,1984
160.527,4548.54,1985
160.527,4548.54,1986
160.527,4548.54,1987
160.527,4548.54,1988
160.527,4548.54,1989
160.527,4548.54,1990
160.527,4548.54,1991
160.527,4548.54,1992
160.527,4548.54,1993
160.527,4548.54,1994
160.527,4548.54,1995
160.527,4548.54,1996
160.527,4548.54,1997
160.527,4548.54,1998
160.527,4548.54,1999
160.527,4548.54,2000
0,0,2001
0,0,2002
0,0,2003
0,0,2004
0,0,2005
0,0,2006
0,0,2007
0,0,2008
0,0,2009
0,0,2010
0,0,2011
0,0,2012
0,0,2013
0,0,2014
0,0,2015
0,0,2016
0,0,2017
0,0,2018
0,0,2019
0,0,2020
0,0,2021
0,0,2022
0,0,2023
0,0,2024
0,0,2025
0,0,2026
0,0,2027
0,0,2028
0,0,2029
0,0,2030
0,0,2031
0,0,2032
0,0,2033
0,0,2034
0,0,2035
0,0,2036
0,0,2037
0,0,2038
0,0,2039
0,0,2040
0,0,2041
0,0,2042
0,0,2043
0,0,2044
0,0,2045
0,0,2046
0,0,2047
0,0,2048
0,0,2049
0,0,2050
0,0,2051
0,0,2052
0,0,2053
0,0,2054
0,0,2055
0,0,2056
0,0,2057
0,0,2058
0,0,2059
0,0,2060
0,0,2061
0,0,2062
0,0,2063
0,0,2064
0,0,2065
0,0,2066
0,0,2067
0,0,2068
0,0,2069
0,0,2070
0,0,2071
0,0,2072
0,0,2073
0,0,2074
0,0,2075
0,0,2076
0,0,2077
0,0,2078
0,0,2079
0,0,2080
0,0,2081
0,0,2082
0,0,2083
0,0,2084
0,0,2085
0,0,2086
0,0,2087
0,0,2088
0,0,2089
0,0,2090
0,0,2091
0,0,2092
0,0,2093
0,0,2094
0,0,2095
0,0,2096
0,0,2097
0,0,2098
0,0,2099
0,0,2100
0,0,2101
0,0,2102
0,0,2103
0,0,2104
0,0,2105
0,0,2106
0,0,2107
0,0,2108
0,0,2109
0,0,2110
0,0,2111
0,0,2112
0,0,2113
0,0,2114
0,0,2115
0,0,2116
0,0,2117
0,0,2118
0,0,2119
0,0,2120
0,0,2121
0,0,2122
0,0,2123
0,0,2124
0,0,2125
0,0,2126
0,0,2127
0,0,2128
0,0,2129
0,0,2130
0,0,2131
0,0,2132
0,0,2133
0,0,2134
0,0,2135
0,0,2136
0,0,2137
0,0,2138
0,0,2139
0,0,2140
0,0,2141
0,0,2142
0,0,2143
0,0,2144
0,0,2145
0,0,2146
0,0,2147
0,0,2148
0,0,2149
0,0,2150
0,0,2151
0,0,2152
0,0,2153
0,0,2154
0,0,2155
0,0,2156
0,0,2157
0,0,2158
0,0,2159
0,0,2160
0,0,2161
0,0,2162
0,0,2163
0,0,2164
0,0,2165
0,0,2166
0,0,2167
0,0,2168
0,0,2169
0,0,2170
0,0,2171
0,0,2172
0,0,2173
0,0,2174
0,0,2175
0,0,2176
0,0,2177
0,0,2178
0,0,2179
0,0,2180
0,0,2181
0,0,2182
0,0,2183
0,0,2184
0,0,2185
0,0,2186
0,0,2187
0,0,2188
0,0,2189
0,0,2190
0,0,2191
0,0,2192
0,0,2193
0,0,2194
0,0,2195
0,0,2196
0,0,2197
0,0,2198
0,0,2199
0,0,2200
0,0,2201
0,0,2202
0,0,2203
0,0,2204
0,0,2205
0,0,2206
0,0,2207
0,0,2208
0,0,2209
0,0,2210
0,0,2211
0,0,2212
0,0,2213
0,0,2214
0,0,2215
0,0,2216
0,0,2217
0,0,2218
0,0,2219
0,0,2220
0,0,2221
0,0,2222
0,0,2223
0,0,2224
0,0,2225
0,0,2226
0,0,2227
0,0,2228
0,0,2229
0,0,2230
0,0,2231
0,0,2232
0,0,2233
0,0,2234
0,0,2235
0,0,2236
0,0,2237
0,0,2238
0,0,2239
0,0,2240
0,0,2241
0,0,2242
0,0,2243
0,0,2244
0,0,2245
0,0,2246
0,0,2247
0,0,2248
0,0,2249
0,0,2250
0,0,2251
0,0,2252
0,0,2253
0,0,2254
0,0,2255
0,0,2256
0,0,2257
0,0,2258
0,0,2259
0,0,2260
0,0,2261
0,0,2262
0,0,2263
0,0,2264
0,0,2265
0,0,2266
0,0,2267
0,0,2268
0,0,2269
0,0,2270
0,0,2271
0,0,2272
0,0,2273
0,0,2274
0,0,2275
0,0,2276
0,0,2277
0,0,2278
0,0,2279
0,0,2280
0,0,2281
0,0,2282
0,0,2283
0,0,2284
0,0,2285
0,0,2286
0,0,2287
0,0,2288
0,0,2289
0,0,2290
0,0,2291
0,0,2292
0,0,2293
0,0,2294
0,0,2295
0,0,2296
0,0,2297
0,0,2298
0,0,2299
0,0,2300
0,0,2301
0,0,2302
0,0,2303
0,0,2304
0,0,2305
0,0,2306
0,0,2307
0,0,2308
0,0,2309
0,0,2310
0,0,2311
0,0,2312
0,0,2313
0,0,2314
0,0,2315
0,0,2316
0,0,2317
0,0,2318
0,0,2319
0,0,2320
0,0,2321
0,0,2322
0,0,2323
0,0,2324
0,0,2325
0,0,2326
0,0,2327
0,0,2328
0,0,2329
0,0,2330
0,0,2331
0,0,2332
0,0,2333
0,0,2334
0,0,2335
0,0,2336
0,0,2337
0,0,2338
0,0,2339
0,0,2340
0,0,2341
0,0,2342
0,0,2343
0,0,2344
0,0,2345
0,0,2346
0,0,2347
0,0,2348
0,0,2349
0,0,2350
0,0,2351
0,0,2352
0,0,2353
0,0,2354
0,0,2355
0,0,2356
0,0,2357
0,0,2358
0,0,2359
0,0,2360
0,0,2361
0,0,2362
0,0,2363
0,0,2364
0,0,2365
0,0,2366
0,0,2367
0,0,2368
0,0,2369
0,0,2370
0,0,2371
0,0,2372
0,0,2373
0,0,2374
0,0,2375
0,0,2376
0,0,2377
0,0,2378
0,0,2379
0,0,2380
0,0,2381
0,0,2382
0,0,2383
0,0,2384
0,0,2385
0,0,2386
0,0,2387
0,0,2388
0,0,2389
0,0,2390
0,0,2391
0,0,2392
0,0,2393
0,0,2394
0,0,2395
0,0,2396
0,0,2397
0,0,2398
0,0,2399
0,0,2400
0,0,2401
0,0,2402
0,0,2403
0,0,2404
0,0,2405
0,0,2406
0,0,2407
0,0,2408
0,0,2409
0,0,2410
0,0,2411
0,0,2412
0,0,2413
0,0,2414
0,0,2415
0,0,2416
0,0,2417
0,0,2418
0,0,2419
0,0,2420
0,0,2421
0,0,2422
0,0,2423
0,0,2424
0,0,2425
0,0,2426
0,0,2427
0,0,2428
0,0,2429
0,0,2430
0,0,2431
0,0,2432
0,0,2433
0,0,2434
0,0,2435
0,0,2436
0,0,2437
0,0,2438
0,0,2439
0,0,2440
0,0,2441
0,0,2442
0,0,2443
0,0,2444
0,0,2445
0,0,2446
0,0,2447
0,0,2448
0,0,2449
0,0,2450
0,0,2451
0,0,2452
0,0,2453
0,0,2454
0,0,2455
0,0,2456
0,0,2457
0,0,2458
0,0,2459
0,0,2460
0,0,2461
0,0,2462
0,0,2463
0,0,2464
0,0,2465
0,0,2466
0,0,2467
0,0,2468
0,0,2469
0,0,2470
0,0,2471
0,0,2472
0,0,2473
0,0,2474
0,0,2475
0,0,2476
0,0,2477
0,0,2478
0,0,2479
0,0,2480
0,0,2481
0,0,2482
0,0,2483
0,0,2484
0,0,2485
0,0,2486
0,0,2487
0,0,2488
0,0,2489
0,0,2490
0,0,2491
0,0,2492
0,0,2493
0,0,2494
0,0,2495
0,0,2496
0,0,2497
0,0,2498
0,0,2499
0,0,2500
0,0,2501
0,0,2502
0,0,2503
0,0,2504
0,0,2505
0,0,2506
0,0,2507
0,0,2508
0,0,2509
0,0,2510
0,0,2511
0,0,2512
0,0,2513
0,0,2514
0,0,2515
0,0,2516
0,0,2517
0,0,2518
0,0,2519
0,0,2520
0,0,2521
0,0,2522
0,0,2523
0,0,2524
0,0,2525
0,0,2526
0,0,2527
0,0,2528
0,0,2529
0,0,2530
0,0,2531
0,0,2532
0,0,2533
0,0,2534
0,0,2535
0,0,2536
0,0,2537
0,0,2538
0,0,2539
0,0,2540
0,0,2541
0,0,2542
0,0,2543
0,0,2544
0,0,2545
0,0,2546
0,0,2547
0,0,2548
0,0,2549
0,0,2550
0,0,2551
0,0,2552
0,0,2553
0,0,2554
0,0,2555
0,0,2556
0,0,2557
0,0,2558
0,0,2559
0,0,2560
0,0,2561
0,0,2562
0,0,2563
0,0,2564
0,0,2565
0,0,2566
0,0,2567
0,0,2568
0,0,2569
0,0,2570
0,0,2571
0,0,2572
0,0,2573
0,0,2574
0,0,2575
0,0,2576
0,0,2577
0,0,2578
0,0,2579
0,0,2580
0,0,2581
0,0,2582
0,0,2583
0,0,2584
0,0,2585
0,0,2586
0,0,2587
0,0,2588
0,0,2589
0,0,2590
0,0,2591
0,0,2592
0,0,2593
0,0,2594
0,0,2595
0,0,2596
0,0,2597
0,0,2598
0,0,2599
0,0,2600
0,0,2601
0,0,2602
0,0,2603
0,0,2604
0,0,2605
0,0,2606
0,0,2607
0,0,2608
0,0,2609
0,0,2610
0,0,2611
0,0,2612
0,0,2613
0,0,2614
0,0,2615
0,0,2616
0,0,2617
0,0,2618
0,0,2619
0,0,2620
0,0,2621
0,0,2622
0,0,2623
0,0,2624
0,0,2625
0,0,2626
0,0,2627
0,0,2628
0,0,2629
0,0,2630
0,0,2631
0,0,2632
0,0,2633
0,0,2634
0,0,2635
0,0,2636
0,0,2637
0,0,2638
0,0,2639
0,0,2640
0,0,2641
0,0,2642
0,0,2643
0,0,2644
0,0,2645
0,0,2646
0,0,2647
0,0,2648
0,0,2649
0,0,2650
0,0,2651
0,0,2652
0,0,2653
0,0,2654
0,0,2655
0,0,2656
0,0,2657
0,0,2658
0,0,2659
0,0,2660
0,0,2661
0,0,2662
0,0,2663
0,0,2664
0,0,2665
0,0,2666
0,0,2667
0,0,2668
0,0,2669
0,0,2670
0,0,2671
0,0,2672
0,0,2673
0,0,2674
0,0,2675
0,0,2676
0,0,2677
0,0,2678
0,0,2679
0,0,2680
0,0,2681
0,0,2682
0,0,2683
0,0,2684
0,0,2685
0,0,2686
0,0,2687
0,0,2688
0,0,2689
0,0,2690
0,0,2691
0,0,2692
0,0,2693
0,0,2694
0,0,2695
0,0,2696
0,0,2697
0,0,2698
0,0,2699
0,0,2700
0,0,2701
0,0,2702
0,0,2703
0,0,2704
0,0,2705
0,0,2706
0,0,2707
0,0,2708
0,0,2709
0,0,2710
0,0,2711
0,0,2712
0,0,2713
0,0,2714
0,0,2715
0,0,2716
0,0,2717
0,0,2718
0,0,2719
0,0,2720
0,0,2721
0,0,2722
0,0,2723
0,0,2724
0,0,2725
0,0,2726
0,0,2727
0,0,2728
0,0,2729
0,0,2730
0,0,2731
0,0,2732
0,0,2733
0,0,2734
0,0,2735
0,0,2736
0,0,2737
0,0,2738
0,0,2739
0,0,2740
0,0,2741
0,0,2742
0,0,2743
0,0,2744
0,0,2745
0,0,2746
0,0,2747
0,0,2748
0,0,2749
0,0,2750
0,0,2751
0,0,2752
0,0,2753
0,0,2754
0,0,2755
0,0,2756
0,0,2757
0,0,2758
0,0,2759
0,0,2760
0,0,2761
0,0,2762
0,0,2763
0,0,2764
0,0,2765
0,0,2766
0,0,2767
0,0,2768
0,0,2769
0,0,2770
0,0,2771
0,0,2772
0,0,2773
0,0,2774
0,0,2775
0,0,2776
0,0,2777
0,0,2778
0,0,2779
0,0,2780
0,0,2781
0,0,2782
0,0,2783
0,0,2784
0,0,2785
0,0,2786
0,0,2787
0,0,2788
0,0,2789
0,0,2790
0,0,2791
0,0,2792
0,0,2793
0,0,2794
0,0,2795
0,0,2796
0,0,2797
0,0,2798
0,0,2799
0,0,2800
0,0,2801
0,0,2802
0,0,2803
0,0,2804
0,0,2805
0,0,2806
0,0,2807
0,0,2808
0,0,2809
0,0,2810
0,0,2811
0,0,2812
0,0,2813
0,0,2814
0,0,2815
0,0,2816
0,0,2817
0,0,2818
0,0,2819
0,0,2820
0,0,2821
0,0,2822
0,0,2823
0,0,2824
0,0,2825
0,0,2826
0,0,2827
0,0,2828
0,0,2829
0,0,2830
0,0,2831
0,0,2832
0,0,2833
0,0,2834
0,0,2835
0,0,2836
0,0,2837
0,0,2838
0,0,2839
0,0,2840
0,0,2841
0,0,2842
0,0,2843
0,0,2844
0,0,2845
0,0,2846
0,0,2847
0,0,2848
0,0,2849
0,0,2850
0,0,2851
0,0,2852
0,0,2853
0,0,2854
0,0,2855
0,0,2856
0,0,2857
0,0,2858
0,0,2859
0,0,2860
0,0,2861
0,0,2862
0,0,2863
0,0,2864
0,0,2865
0,0,2866
0,0,2867
0,0,2868
0,0,2869
0,0,2870
0,0,2871
0,0,2872
0,0,2873
0,0,2874
0,0,2875
0,0,2876
0,0,2877
0,0,2878
0,0,2879
0,0,2880
0,0,2881
0,0,2882
0,0,2883
0,0,2884
0,0,2885
0,0,2886
0,0,2887
0,0,2888
0,0,2889
0,0,2890
0,0,2891
0,0,2892
0,0,2893
0,0,2894
0,0,2895
0,0,2896
0,0,2897
0,0,2898
0,0,2899
0,0,2900
0,0,2901
0,0,2902
0,0,2903
0,0,2904
0,0,2905
0,0,2906
0,0,2907
0,0,2908
0,0,2909
0,0,2910
0,0,2911
0,0,2912
0,0,2913
0,0,2914
0,0,2915
0,0,2916
0,0,2917
0,0,2918
0,0,2919
0,0,2920
0,0,2921
0,0,2922
0,0,2923
0,0,2924
0,0,2925
0,0,2926
0,0,2927
0,0,2928
0,0,2929
0,0,2930
0,0,2931
0,0,2932
0,0,2933
0,0,2934
0,0,2935
0,0,2936
0,0,2937
0,0,2938
0,0,2939
0,0,2940
0,0,2941
0,0,2942
0,0,2943
0,0,2944
0,0,2945
0,0,2946
0,0,2947
0,0,2948
0,0,2949
0,0,2950
0,0,2951
0,0,2952
0,0,2953
0,0,2954
0,0,2955
0,0,2956
0,0,2957
0,0,2958
0,0,2959
0,0,2960
0,0,2961
0,0,2962
0,0,2963
0,0,2964
0,0,2965
0,0,2966
0,0,2967
0,0,2968
0,0,2969
0,0,2970
0,0,2971
0,0,2972
0,0,2973
0,0,2974
0,0,2975
0,0,2976
0,0,2977
0,0,2978
0,0,2979
0,0,2980
0,0,2981
0,0,2982
0,0,2983
0,0,2984
0,0,2985
0,0,2986
0,0,2987
0,0,2988
0,0,2989
0,0,2990
0,0,2991
0,0,2992
0,0,2993
0,0,2994
0,0,2995
0,0,2996
0,0,2997
0,0,2998
0,0,2999
